{
    "synthetic": {
        "MSE_mean": 0.9752088586489359,
        "MSE_std": 0.0007420914659136248,
        "DirSim_mean": 0.0,
        "DirSim_std": 0.0
    },
    "flow": {
        "MSE_mean": 0.006945594834784667,
        "MSE_std": 0.0020571579480071793,
        "DirSim_mean": 0.8326927622159322,
        "DirSim_std": 0.05411101328963175
    }
}